{"distanceThreshold":0.6,"labeledDescriptors":[{"label":"admin","descriptors":[[-0.01625366136431694,0.1350318044424057,0.02002251148223877,-0.04052715003490448,-0.045486051589250565,0.004776672925800085,0.005632559768855572,-0.12010699510574341,0.14696358144283295,-0.09153682738542557,0.19137899577617645,-0.011588271707296371,-0.251189649105072,-0.020427124574780464,0.013498622924089432,0.0711156502366066,-0.17286458611488342,-0.04000937193632126,-0.12397612631320953,-0.05596862733364105,-0.012270001694560051,0.04914666712284088,0.0901782438158989,0.06180914118885994,-0.06985623389482498,-0.3017283082008362,-0.06236427649855614,-0.1324920654296875,0.031623438000679016,-0.05447051301598549,-0.04325200617313385,0.0009422250441275537,-0.11461246758699417,-0.015422266907989979,0.02116444893181324,0.0137754175812006,-0.13938722014427185,-0.0969734787940979,0.23235198855400085,-0.054299481213092804,-0.15502329170703888,-0.04779401794075966,0.04538317397236824,0.20446299016475677,0.20751303434371948,0.045650336891412735,-0.02010376565158367,-0.08152858167886734,0.09284645318984985,-0.22440040111541748,0.08613845705986023,0.1748422235250473,0.08512379229068756,0.07538525760173798,0.08686137944459915,-0.13704568147659302,0.018086744472384453,0.020436661317944527,-0.12730084359645844,-0.012654065154492855,0.09086887538433075,-0.04415242373943329,-0.031785957515239716,-0.04682745784521103,0.19395418465137482,0.12542493641376495,-0.14649640023708344,-0.07037761807441711,0.08171608299016953,-0.23286877572536469,-0.08620717376470566,0.016398506239056587,-0.12191510945558548,-0.20215848088264465,-0.2639206051826477,0.0033285801764577627,0.3428836762905121,0.2526816725730896,-0.12458231300115585,-0.03000030107796192,-0.060911502689123154,0.0017712223343551159,0.12780237197875977,0.10826350003480911,-0.14486972987651825,-0.01703997142612934,-0.05003158375620842,0.05419616773724556,0.12605910003185272,-0.04267634451389313,-0.1169588714838028,0.21145281195640564,-0.016114836558699608,0.051500678062438965,0.008225837722420692,-0.009180280379951,-0.05691230669617653,-0.01692410744726658,-0.1468019038438797,0.05061029642820358,0.08035006374120712,-0.03843505308032036,0.026569562032818794,0.14809104800224304,-0.15295441448688507,0.11203911900520325,0.0026759724132716656,-0.015952788293361664,0.08098633587360382,0.021166140213608742,-0.18013599514961243,-0.06494899839162827,0.15217776596546173,-0.1986791491508484,0.17638006806373596,0.13386490941047668,0.021229179576039314,0.11301033943891525,0.115692637860775,0.07833050191402435,0.0055984309874475,-0.031779177486896515,-0.188718780875206,-0.07542788982391357,0.08581861853599548,0.03672206774353981,0.10422976315021515,-0.01075990404933691]]},{"label":"patricio","descriptors":[[-0.020962847396731377,0.05065153166651726,0.03816438466310501,-0.008941175416111946,-0.07424511015415192,-0.07565520703792572,-0.011415231972932816,-0.14388923346996307,0.13061685860157013,-0.056637801229953766,0.193140909075737,-0.06434375047683716,-0.2487439215183258,-0.026836518198251724,0.03349802643060684,0.11810964345932007,-0.19388937950134277,-0.03473793715238571,-0.1867201030254364,-0.053763244301080704,0.0012220251373946667,0.031241122633218765,0.1451355665922165,0.10560837388038635,-0.054863590747117996,-0.3904664218425751,-0.07140514999628067,-0.10884726047515869,0.01025685016065836,-0.020116399973630905,-0.051608290523290634,0.054152145981788635,-0.15069396793842316,-0.04634574055671692,0.04926906153559685,0.10777632147073746,-0.15673643350601196,-0.11349305510520935,0.22230373322963715,-0.06617679446935654,-0.1979394257068634,0.004958400037139654,0.05412307381629944,0.19379572570323944,0.20583748817443848,0.06966601312160492,0.009815065190196037,-0.0818852111697197,0.11236102133989334,-0.2443961650133133,0.08802662789821625,0.20876555144786835,0.049184102565050125,0.05971640348434448,0.13016511499881744,-0.07665814459323883,0.05190387740731239,0.11261890083551407,-0.10489233583211899,-0.008127288892865181,0.1177518367767334,-0.06140851601958275,0.00020031863823533058,-0.09089462459087372,0.17691709101200104,0.08874862641096115,-0.14698359370231628,-0.03168432414531708,0.04146290197968483,-0.19059871137142181,-0.10496402531862259,0.02126295678317547,-0.14954052865505219,-0.2249344140291214,-0.3121435046195984,-0.005331534426659346,0.4584139883518219,0.16891585290431976,-0.15938414633274078,-0.04261523857712746,-0.0438162125647068,-0.05304260179400444,0.11637997627258301,0.119794100522995,-0.10237401723861694,-0.031202195212244987,-0.1310567557811737,0.07758825272321701,0.16741789877414703,-0.04915964975953102,-0.03075464442372322,0.25344815850257874,0.0056136008352041245,0.05307481437921524,-0.015115535818040371,0.0166420117020607,-0.08746422082185745,-0.0013178471708670259,-0.17150291800498962,0.02541279047727585,0.09919606894254684,-0.02318626269698143,-0.02569662034511566,0.07358753681182861,-0.16605475544929504,0.1246454045176506,0.011091704480350018,-0.02378636971116066,0.08156583458185196,-0.02695312350988388,-0.18095256388187408,-0.05688314884901047,0.15178515017032623,-0.19943612813949585,0.1488909274339676,0.178114116191864,0.07151444256305695,0.10517986863851547,0.061822451651096344,0.06313885003328323,-0.01825586147606373,-0.03952697664499283,-0.2260901927947998,-0.06551751494407654,0.1021617129445076,0.04802703857421875,0.05125611647963524,0.005524833220988512]]},{"label":"prueba1",